[
    {
        "id": 1,
        "title": "Criar o primeiro programa de computador da história",
        "description": "Descrição completa da task 1"
    },
    {
        "id": 2,
        "title": "Escrever contribuições para o desenvolvimento da teoria da computação",
        "description": "Descrição completa da task 2."
    },
    {
        "id": 3,
        "title": "Incentivar o desenvolvimento de computadores",
        "description": "Descrição completa da task 3."
    }       
]
